{
  "features": [
    "ret1",
    "ret5",
    "sma5",
    "sma20",
    "ema12",
    "volatility",
    "close_sma5_gap",
    "close_sma20_gap",
    "range",
    "hour",
    "minute",
    "regime_code"
  ],
  "seq_len": 32,
  "x_mean": [
    -8.739354234421626e-05,
    -0.0004520932852756232,
    24746.662109375,
    24763.912109375,
    24754.6640625,
    0.001209351234138012,
    -0.00018066646589431912,
    -0.0008687207009643316,
    32.500118255615234,
    6.322580814361572,
    28.467741012573242,
    0.24193547666072845
  ],
  "x_std": [
    0.0016523468075320125,
    0.0037567231338471174,
    296.5939636230469,
    302.3516540527344,
    296.8534240722656,
    0.0011295198928564787,
    0.0018810010515153408,
    0.003868293249979615,
    22.80304527282715,
    1.7922260761260986,
    17.49628448486328,
    0.49139413237571716
  ]
}